{"stats":{"minecraft:custom":{"minecraft:jump":11,"minecraft:open_chest":2,"minecraft:time_since_rest":22744,"minecraft:damage_taken":10,"minecraft:crouch_one_cm":114,"minecraft:leave_game":1,"minecraft:sprint_one_cm":82,"minecraft:play_time":22744,"minecraft:time_since_death":22744,"minecraft:walk_on_water_one_cm":2353,"minecraft:walk_one_cm":1637,"minecraft:sneak_time":62,"minecraft:total_world_time":22744,"minecraft:fly_one_cm":58049},"minecraft:used":{"minecraft:fire_charge":1,"minecraft:redstone_block":1,"minecraft:tnt":148,"minecraft:obsidian":3}},"DataVersion":3465}